"","Factor1","Factor2","Factor3","Factor4","Factor5","Factor6","Factor7","Factor8","Factor9","Factor10"
"H045",-1.95007193088531,-0.547987103462219,0.0550606772303581,-1.31351578235626,0.496353536844254,0.175299674272537,0.540241718292236,0.657289326190948,0.149727180600166,-0.958471477031708
"H109",-1.93590199947357,-0.303838580846786,2.74331307411194,-0.249061480164528,-0.580601990222931,-0.414264649152756,0.286892652511597,-0.639736652374268,0.190936297178268,0.119370520114899
"H024",2.08382368087769,-0.369863390922546,-1.37854409217834,1.23793482780457,-0.350686967372894,1.54682564735413,0.905885517597198,0.040753997862339,-1.09220695495605,0.197683542966843
"H056",1.68932473659515,-1.06274664402008,-1.02153789997101,1.21784853935242,-0.549132347106934,0.877646565437317,-0.0822215750813484,-0.510082066059113,-1.25537025928497,-0.307910621166229
"H079",-1.54661691188812,-1.25303900241852,-0.622002720832825,-1.56175649166107,1.47867298126221,-1.09297287464142,0.230680629611015,-0.149837628006935,-0.159119322896004,0.525138258934021
"H164",-2.17357420921326,-0.257892906665802,-0.818187773227692,-0.50932252407074,0.00918790977448225,0.105251669883728,-1.2446323633194,-0.185717806220055,-0.953596532344818,-0.467458814382553
"H059",1.56162178516388,-0.700843751430511,2.87856864929199,-0.641456723213196,-0.0889151021838188,0.45795264840126,0.567872226238251,0.516426086425781,0.0327501706779003,0.00865976512432098
"H167",-1.81763684749603,0.240131109952927,-0.537805557250977,-0.371187478303909,-0.46876734495163,-0.741631031036377,0.406582295894623,-0.825413882732391,0.123070202767849,-0.320036292076111
"H113",0.315068691968918,0.585285305976868,3.31557536125183,-0.787139594554901,0.634624481201172,0.548109531402588,-1.18628990650177,0.229630395770073,0.43479460477829,0.300794392824173
"H049",0.198809966444969,0.0737558826804161,0.0506567060947418,-1.41431879997253,-0.641036748886108,-0.802625000476837,-2.5448169708252,-0.665235936641693,1.3507354259491,0.00845194049179554
"H133",1.97817540168762,0.138680905103683,1.05979084968567,-1.50318312644958,-0.296824008226395,-0.618100821971893,0.225958928465843,-0.410124152898788,-0.285265862941742,-0.111708924174309
"H103",0.836889743804932,-0.553100526332855,0.0282424353063107,-0.0297559965401888,-0.318397492170334,-0.717215061187744,-0.501607775688171,1.29099380970001,1.18693101406097,-0.558372557163239
"H035",1.04778850078583,-0.0892101302742958,-0.0798324421048164,0.726142466068268,-0.391835957765579,-1.00335776805878,-0.604069352149963,-0.687379837036133,0.995229363441467,-0.490761905908585
"H121",2.0021755695343,0.262744188308716,0.0932868868112564,-1.523885846138,0.0204977169632912,0.881142973899841,0.719354927539825,-1.11185836791992,0.0675355195999146,-0.023980189114809
"H033",1.75017666816711,-0.00380284478887916,0.0104065639898181,0.0634716898202896,-1.25537693500519,-0.463826477527618,-0.619545459747314,-0.254042059183121,-0.500401079654694,-0.122172214090824
"H064",-1.8853155374527,-0.11282355338335,-0.267715394496918,0.984670162200928,-0.344238221645355,-1.97107255458832,-0.574963867664337,0.251080244779587,-0.667198538780212,0.378085166215897
"H236",2.19025230407715,-0.296940922737122,-0.622667968273163,-1.30575120449066,-0.214393854141235,1.67171740531921,0.365805685520172,-0.81381368637085,-0.243108823895454,-0.0779581964015961
"H238",-1.80730748176575,0.0554574802517891,1.84162199497223,0.551503539085388,-0.293554991483688,0.576431512832642,1.43493390083313,-0.849210441112518,0.725031197071075,0.432104885578156
"H171",-1.75484871864319,-0.59762179851532,-0.399581283330917,-0.811680018901825,-0.678581476211548,-0.299017131328583,1.74570691585541,0.407745599746704,0.167093321681023,-0.471765279769897
"H018",1.89039409160614,-1.11790549755096,-1.00395560264587,-0.23924408853054,0.610689580440521,-1.49490129947662,0.44480574131012,-1.24552226066589,-1.375528216362,0.82234388589859
"H115",0.506112575531006,0.476104617118835,-0.502437949180603,-1.78291547298431,-0.0379134118556976,1.21027719974518,-1.67883861064911,-0.806160926818848,1.54198968410492,0.326733767986298
"H117",-1.21734058856964,-0.183999076485634,-0.657153367996216,-1.06941401958466,-0.902472794055939,-0.480181843042374,0.837545573711395,0.100994490087032,-0.607740342617035,0.0640679448843002
"H053",1.02741551399231,-0.282944738864899,-0.387874603271484,-0.869136273860931,-0.143480956554413,0.135396182537079,-1.62816619873047,0.931690514087677,0.909812808036804,-0.353576332330704
"H148",-1.4705628156662,0.873077630996704,0.519249320030212,-0.967018187046051,-0.0874186232686043,-0.110349617898464,1.61519157886505,0.852212011814117,-1.85812437534332,-0.587704241275787
"H165",-1.80107915401459,0.119263663887978,0.141070321202278,-1.14424800872803,-0.273594886064529,-0.191299840807915,-1.83685970306396,-0.299469977617264,-0.798892974853516,0.348841458559036
"H114",-1.7292982339859,-1.10558772087097,-0.537767350673676,-0.59447968006134,0.271651417016983,-1.1650915145874,-0.0382649675011635,-0.686021983623505,0.109789296984673,-0.0623687542974949
"H038",1.88998103141785,0.626273274421692,0.239368692040443,-1.13670539855957,-0.294213593006134,-0.66940850019455,0.407924354076385,-0.690932929515839,-0.660713315010071,0.00207923096604645
"H240",0.558477342128754,0.446401298046112,0.345917165279388,0.549530208110809,-0.188810154795647,-0.642857432365417,0.298427283763885,-0.755562901496887,2.27389717102051,0.141394302248955
"H173",0.114936046302319,1.13282263278961,-0.748826205730438,-1.32523632049561,0.123695753514767,0.125979483127594,0.195723801851273,1.35446965694427,2.32558178901672,-0.42126601934433
"H187",-1.24140191078186,-0.20081502199173,-0.482455104589462,0.179046660661697,-0.996240556240082,0.332558542490005,1.97675669193268,0.89262330532074,0.290768027305603,0.242115035653114
"H234",-1.78936874866486,-1.05508828163147,0.985376179218292,-0.281305223703384,0.124718561768532,0.966609239578247,1.03789484500885,0.502988576889038,0.416173577308655,-0.313665151596069
"H060",1.90466666221619,-0.488055616617203,-1.03887236118317,-0.244979426264763,-0.647771298885345,1.09648406505585,-0.0525599718093872,0.564144492149353,-0.681351482868195,0.197680830955505
"H191",-0.326940655708313,-0.134001716971397,2.11382412910461,-0.524480283260345,0.436960726976395,0.818638741970062,4.09149074554443,-0.60669070482254,1.29063212871552,-0.0834081396460533
"H118",0.383601307868958,0.273714005947113,-0.5407355427742,2.8392825126648,0.503869414329529,1.2601466178894,0.664097189903259,-0.299431174993515,1.04198253154755,-0.0177687369287014
"H228",0.208232223987579,-1.50155246257782,-0.528398215770721,0.107805594801903,-0.40603443980217,-0.35634109377861,-0.96264523267746,1.53855812549591,1.32108211517334,-0.643069326877594
"H100",1.75237095355988,0.425223559141159,0.219456300139427,-2.13530969619751,0.955133378505707,-1.51396346092224,0.0877547338604927,-0.613905251026154,-0.488346248865128,0.420414865016937
"H104",-1.86759984493256,1.00955069065094,-0.143656119704247,-1.04735279083252,-0.359931766986847,0.604483067989349,0.434389919042587,-0.892862498760223,0.0947925299406052,-0.176494210958481
"H054",1.75857508182526,0.87846577167511,-0.0115186786279082,1.30132186412811,-0.169617086648941,0.441830575466156,-0.333644568920135,-1.28795683383942,0.450310617685318,0.606217443943024
"H046",1.52662813663483,0.346759855747223,0.0670880377292633,-0.187071114778519,0.124045364558697,0.419924110174179,0.394579350948334,-0.26330953836441,-0.346926122903824,-0.321794331073761
"H099",1.81993532180786,0.892359375953674,-0.0459989793598652,0.0766724720597267,-0.57602858543396,-0.800571084022522,-0.391696631908417,-0.877437472343445,0.200774893164635,0.227559968829155
"H112",1.3780118227005,1.1488002538681,1.25853550434113,-1.58071982860565,0.216629594564438,1.06204128265381,-1.21865344047546,-1.74743962287903,0.922811210155487,0.315140277147293
"H110",1.8805205821991,0.585939705371857,0.585182428359985,-0.697679877281189,-0.151678681373596,0.649759531021118,0.0947665199637413,-1.44787454605103,-0.48677796125412,-0.0195088628679514
"H225",1.70952010154724,0.267826348543167,0.269841820001602,-1.56391823291779,-0.153870597481728,-0.221684902906418,0.0177189148962498,-0.499962836503983,-0.745398342609406,-0.0624007247388363
"H019",0.098215714097023,0.208105817437172,-1.66536676883698,-0.134517520666122,-0.471519738435745,-0.59670627117157,1.95229685306549,1.68000364303589,2.55654978752136,0.0665932670235634
"H163",1.62403225898743,0.4452865421772,0.287162333726883,-1.47569847106934,-0.549014210700989,-0.226066023111343,0.43154513835907,-1.57302963733673,-0.404442310333252,-0.043117493391037
"H233",-2.03131818771362,0.294714331626892,-0.945583820343018,-1.19253408908844,-0.0381129533052444,1.24771761894226,0.17038705945015,-0.12304200977087,0.688690364360809,-0.363480240106583
"H231",-1.91329371929169,-1.53829085826874,0.0252334363758564,-0.578881978988647,-0.320591449737549,0.612421989440918,-1.4099280834198,-0.342323243618011,-0.891814172267914,-0.619639098644257
"H111",-2.05734491348267,0.219320967793465,-1.22797048091888,0.578912675380707,-0.124961726367474,-0.0940557196736336,-0.266082137823105,0.961221516132355,-1.11962115764618,0.21541902422905
"H096",1.30580723285675,-0.26299786567688,-0.0670008212327957,0.46029669046402,-0.61183899641037,-1.00864386558533,-0.0187370106577873,0.871733546257019,-1.35906767845154,-0.243341401219368
"H042",-2.42198133468628,0.393774211406708,0.334656894207001,-0.230162084102631,0.608028769493103,-1.41214108467102,1.25233852863312,0.593435406684875,-0.269992589950562,-0.863117396831512
"H077",-1.75268244743347,0.475637525320053,-0.202561780810356,-0.738430976867676,-0.978287816047668,-0.905189156532288,-1.80461001396179,-0.725802540779114,-0.758086323738098,0.159445956349373
"H088",1.34166741371155,0.596526443958282,0.296217083930969,-1.12952136993408,-0.191927075386047,-0.232977718114853,0.337914735078812,0.435654997825623,-0.305103302001953,-0.230580598115921
"H013",-1.53521227836609,-1.16527581214905,-1.15207183361053,0.597814798355103,0.692309439182281,-0.898379504680634,2.35668253898621,0.133906468749046,0.428111642599106,0.769734680652618
"H031",0.426610440015793,-1.71152997016907,1.54711472988129,2.02000880241394,1.1468368768692,-0.723121821880341,-0.904471755027771,-0.600269317626953,-0.0719439163804054,0.444031447172165
"H023",-1.79030430316925,-0.736258268356323,-1.63648128509521,-0.367900550365448,1.19189500808716,0.205042600631714,-0.665344536304474,0.0622657909989357,-1.28078591823578,0.874250173568726
"H017",-1.77077782154083,0.752394318580627,-0.144589111208916,-0.671014130115509,-0.123534105718136,0.313245892524719,-0.0958038344979286,0.890966594219208,-0.258508443832397,-0.295959651470184
"H097",-1.53653216362,-1.06523776054382,-0.451611220836639,1.60404598712921,0.160084128379822,-0.99161571264267,1.33864450454712,-0.056604690849781,-0.252852916717529,-0.976758897304535
"H057",1.37153351306915,-0.293890476226807,-0.738220274448395,-0.0556727088987827,-0.570901393890381,0.0841080471873283,-0.440061539411545,0.254648208618164,-0.304664701223373,0.122794553637505
"H040",0.187500506639481,2.13227915763855,0.281985312700272,-1.12070906162262,0.952113330364227,-2.16420745849609,-0.445661664009094,0.698636412620544,0.674102902412415,-0.687475383281708
"H010",-1.56839954853058,-0.806197345256805,-0.809839010238647,1.72385585308075,0.338665455579758,-1.37020397186279,-1.86685252189636,-0.84601891040802,-1.27138590812683,1.09564244747162
"H047",-1.88952970504761,0.461569756269455,-1.00783729553223,2.6313214302063,0.345181673765182,-0.735817670822144,0.165134206414223,-0.0151678305119276,-0.560239017009735,-0.470757573843002
"H105",0.943196415901184,-0.682090103626251,0.710611939430237,1.5444370508194,0.13769705593586,-1.76468968391418,-0.0902598649263382,-0.885721385478973,1.35817396640778,0.464317679405212
"H044",-0.0424153730273247,-0.042089182883501,0.15115475654602,0.520019292831421,-0.0120624005794525,-2.26805210113525,0.0864029005169868,2.0564968585968,2.01774668693542,-1.06907761096954
"H030",-1.69512820243835,0.153883844614029,-0.152586504817009,2.1574432849884,-0.209193095564842,-1.00205039978027,0.824805974960327,-0.590911209583282,0.740395069122314,0.609077751636505
"H107",-1.74151790142059,-0.105926439166069,-0.136252358555794,-0.300568878650665,-0.346830457448959,0.551545739173889,0.39948770403862,0.621190905570984,-0.115290842950344,-0.121748857200146
"H094",1.43635833263397,-0.943425595760345,1.30788457393646,1.98371648788452,0.0510884746909142,-0.889977395534515,0.100169010460377,0.742262601852417,-0.487205535173416,-1.16879296302795
"H058",0.285662174224854,1.06890821456909,-1.2011022567749,1.04742181301117,0.00314996438100934,0.378432899713516,-0.782162308692932,1.06385266780853,2.26571559906006,0.227901563048363
"H028",1.11661517620087,0.831352949142456,1.95466256141663,2.17902112007141,0.480961531400681,0.427615076303482,0.000671227520797402,1.61727809906006,-0.508754730224609,0.595628440380096
"H021",1.49812710285187,0.00652835564687848,-1.15088367462158,1.13016200065613,0.569104671478271,0.950484693050385,0.177850782871246,-0.386201053857803,0.474047899246216,0.565343022346497
"H119",-1.81873774528503,0.898114085197449,-0.199446767568588,-0.283100962638855,-0.149329796433449,-0.194263726472855,-1.94766962528229,-0.459698617458344,-0.467229723930359,-0.053942047059536
"H005",0.109522894024849,0.449671447277069,-1.37919211387634,1.03872430324554,0.668316662311554,-1.62259793281555,-0.201573878526688,0.872649431228638,2.48477840423584,1.03666841983795
"H016",0.803180813789368,-1.48121130466461,0.94674026966095,-0.598730027675629,1.18348622322083,-1.43484425544739,-0.462444394826889,-0.109939880669117,0.962715268135071,0.245824933052063
"H055",1.50364923477173,0.244464412331581,-0.265257894992828,0.311820089817047,-0.0474918708205223,1.46694946289062,-0.465781062841415,-0.493023663759232,1.03506863117218,0.364005386829376
"H080",-1.81312465667725,-0.192971780896187,-0.406885236501694,-0.188561290502548,0.0191217940300703,0.697863698005676,-0.938111662864685,-0.333900451660156,-0.190549299120903,-0.17023366689682
"H041",1.52769029140472,0.715444326400757,-0.285298615694046,1.04005455970764,0.185862764716148,0.514225244522095,-0.118588544428349,-2.15656661987305,0.877447664737701,-0.451753586530685
"H043",-1.57643592357635,-0.361577987670898,-0.481750786304474,-0.076323427259922,0.316638112068176,0.275573372840881,-1.62174355983734,-0.900838196277618,-1.0510106086731,-1.15423977375031
"H011",1.7651584148407,0.363856732845306,0.175373494625092,-0.324619203805923,-0.742357194423676,-0.745041906833649,-0.468660652637482,-0.452123463153839,0.123354934155941,-0.528831958770752
"H102",-0.998883903026581,-0.929830133914948,1.51661193370819,1.5657172203064,-0.0931753143668175,-0.534431099891663,-0.0131472526118159,-0.353845566511154,-0.210386842489243,-1.02196371555328
"H020",1.33436131477356,0.832360982894897,-0.0682061314582825,-0.386315643787384,0.272530734539032,1.1992290019989,-0.73084431886673,-1.90058732032776,0.385978698730469,-0.339242815971375
"H014",-1.3750125169754,0.273919850587845,-0.647318780422211,0.196244448423386,-0.210530906915665,0.282054871320724,0.449653774499893,0.119194105267525,0.29625990986824,-0.10311433672905
"H085",-2.12122082710266,-0.381825000047684,-1.2195770740509,0.721604585647583,0.616075873374939,-0.80684632062912,-0.93818861246109,-1.14113974571228,-0.33452382683754,0.856387317180634
"H022",2.30654454231262,0.0846059173345566,-0.891937971115112,1.00551021099091,0.510018944740295,0.924751222133636,0.630127370357513,-1.12290298938751,-0.329627811908722,-0.57864099740982
"H078",-1.84986877441406,0.244213670492172,-1.43241715431213,1.0678117275238,0.589866936206818,0.662101626396179,-0.195547103881836,-0.323299080133438,-0.0742498934268951,0.451126515865326
"H015",-1.54643094539642,0.512312889099121,0.527759552001953,1.00446426868439,-0.492573410272598,0.399892598390579,-0.286363005638123,-1.11559462547302,0.0865547433495522,0.591926455497742
"H116",-1.92642772197723,1.06702947616577,-0.751835703849792,-1.30837070941925,0.462107628583908,0.481302946805954,-0.764245808124542,0.948404252529144,-0.4463150203228,-0.182833939790726
"H029",-0.215756937861443,1.61997091770172,-0.377636730670929,2.43047094345093,0.48568919301033,0.756400644779205,0.806018888950348,0.142872959375381,3.23466515541077,0.519746363162994
"H036",1.66019237041473,0.785947561264038,0.193333521485329,0.407564848661423,-0.105908177793026,-0.6280757188797,0.742396831512451,-0.790788173675537,-0.538501560688019,-0.263360649347305
"H072",0.587310791015625,-0.756067037582397,-0.591188311576843,0.588878691196442,-0.383702129125595,-0.345818549394608,-1.63668346405029,0.856926918029785,1.1300276517868,-0.796453058719635
"H087",1.72405695915222,-1.33901417255402,-1.46273708343506,-0.547181129455566,0.450370401144028,1.1519478559494,1.5679726600647,-0.432336002588272,-1.47302269935608,0.954284310340881
"H095",-1.22125768661499,0.354094296693802,-0.698550283908844,0.583510518074036,0.420385330915451,-0.461932301521301,-1.41873872280121,-0.125965714454651,-0.876906037330627,-1.15269458293915
"H090",0.182984471321106,0.172386348247528,-0.919649183750153,1.66558682918549,-0.135370209813118,0.0308174174278975,-0.520896792411804,1.63644230365753,1.77689707279205,0.62620085477829
"H108",1.00382161140442,0.62613034248352,-0.47488209605217,1.0979129076004,0.583806812763214,1.41959643363953,0.677061378955841,-1.2684314250946,0.482780426740646,-0.0399056077003479
"H039",1.48277461528778,0.277795195579529,-0.186269089579582,0.856295645236969,-0.455447465181351,0.031344223767519,-0.574933528900146,-1.10893678665161,-0.279340803623199,-0.115074492990971
"H083",1.88774383068085,-0.0252995248883963,-0.58137321472168,-2.07248377799988,0.961282670497894,-0.943886399269104,0.525686144828796,-0.179207965731621,-1.12144613265991,0.772735297679901
"H082",0.786340832710266,-1.01251649856567,-0.277513027191162,-0.102149032056332,0.603058815002441,-0.676462173461914,-0.528255522251129,-0.516469955444336,0.817013084888458,0.41972228884697
"H073",0.249289944767952,-0.828616380691528,-0.937017798423767,-2.07931852340698,-1.08770883083344,-0.987413585186005,0.133167907595634,-0.538406312465668,1.9094603061676,1.55404138565063
"H081",1.58442866802216,-0.245336964726448,-0.473461180925369,2.86523365974426,0.375551819801331,-0.222761526703835,-0.163064002990723,-1.9207067489624,-0.906579673290253,-1.1086550951004
"H027",-2.03355312347412,0.638957440853119,-1.12330603599548,-0.542309045791626,0.685847222805023,1.12356925010681,-0.837499022483826,-1.07414996623993,0.257002949714661,-1.52199900150299
"H069",-1.81783139705658,0.337666451931,-1.15726900100708,2.25249171257019,-0.228829607367516,0.53025883436203,0.0297498144209385,0.375921279191971,-0.691061019897461,0.813745379447937
"H101",1.40955460071564,0.533674716949463,0.680497527122498,1.01924645900726,-0.0368144772946835,-1.28685021400452,-1.49165308475494,0.666535556316376,-0.86499673128128,-0.780078709125519
"H012",-2.14414405822754,0.643240690231323,-1.21614360809326,-0.551572382450104,1.8499151468277,-0.272865146398544,0.499675035476685,0.56402599811554,-0.207700595259666,0.959969878196716
"H051",-1.31270742416382,-0.758566677570343,1.68501460552216,0.303794384002686,0.43970000743866,-0.0261482112109661,3.28591465950012,0.0236107688397169,0.176630511879921,-0.747090816497803
"H037",0.0822568461298943,0.691102266311646,0.413742303848267,-0.891196072101593,-0.508148610591888,0.595746397972107,0.232397899031639,-1.34425044059753,2.36684632301331,0.250163346529007
"H169",1.20400285720825,0.00949020870029926,2.79205465316772,-0.324871003627777,-0.0624929741024971,-0.201667487621307,-0.623564839363098,-0.326877117156982,0.0979403927922249,0.244997084140778
"H246",-1.61139965057373,-0.0282797329127789,0.154391571879387,-0.0387715883553028,-0.46743455529213,0.605540752410889,1.67465305328369,0.529830873012543,-0.15630866587162,-0.101559326052666
"H257",-1.9814612865448,0.522454977035522,0.551204800605774,-0.373726546764374,-0.168620526790619,0.248556211590767,0.863905966281891,0.0554488338530064,0.0603121854364872,-0.136423140764236
"H268",1.86522769927979,-0.135622411966324,-0.356000989675522,0.56338906288147,-0.160548537969589,1.35418844223022,-0.0262893065810204,0.757316708564758,-0.978565692901611,-0.0587057545781136
"H270",0.760758936405182,-0.424713730812073,-1.42089784145355,-1.01909363269806,0.294973790645599,1.47732949256897,-0.421306401491165,1.57870185375214,1.65080952644348,0.0962207764387131
"H265",-1.82816576957703,-0.0794737413525581,-0.462254762649536,-0.974657893180847,-0.154419183731079,0.601440727710724,1.36642563343048,0.699132919311523,0.241115108132362,-0.136287912726402
"H048",0.33833783864975,-0.52616161108017,-0.913686096668243,-0.500909209251404,0.193532064557076,1.12464654445648,-0.685449302196503,1.48379397392273,1.65364134311676,-0.0472949780523777
"H249",-1.80254757404327,-0.42965292930603,3.09818577766418,-0.257539808750153,0.00101141049526632,1.08641231060028,-0.0285963416099548,0.48623526096344,-0.56135368347168,0.243427872657776
"H093",-1.88083970546722,0.776889503002167,0.391866415739059,3.58644962310791,-1.09594523906708,-1.55937242507935,0.473162978887558,-0.35161417722702,-0.696657419204712,0.573450028896332
"H089",1.37686085700989,-1.25361764431,-0.585961818695068,-0.264396488666534,-0.896717548370361,-0.779024183750153,0.766701579093933,-0.693148255348206,-0.0726589411497116,0.183523178100586
"H266",1.93163800239563,0.37061071395874,-0.936641454696655,0.595595419406891,-0.257161289453506,1.10116684436798,1.12869238853455,0.0911611467599869,-0.0776605606079102,0.339908540248871
"H007",-1.59894013404846,-1.58569300174713,-0.667239367961884,0.0665559992194176,-0.411004334688187,0.521660327911377,-0.0358998291194439,-0.906539082527161,-0.162870734930038,-0.126968860626221
"H256",1.19908690452576,0.506856441497803,0.951701760292053,-1.36604464054108,-0.491470128297806,-0.605705678462982,2.4720618724823,1.68137729167938,-0.449973970651627,0.301745295524597
"H168",-0.573481440544128,-0.217754259705544,-0.559195816516876,-0.750252425670624,-0.0668920129537582,0.63509476184845,-0.159839540719986,1.60991251468658,2.85447359085083,-0.307238459587097
"H008",-1.92028319835663,0.360630214214325,-0.0464721135795116,-1.58398187160492,0.161958917975426,0.711505949497223,-1.3763188123703,-1.16308569908142,-0.00419073179364204,-0.10107034444809
"H063",0.420800119638443,-0.909638285636902,-0.0037418813444674,0.720256745815277,1.20964956283569,-0.326420933008194,-1.34414839744568,0.0779705718159676,0.913488149642944,0.473225057125092
"H242",-1.58270704746246,1.87880170345306,0.451623350381851,-1.45593237876892,0.616635978221893,-0.884927213191986,1.90153610706329,0.482594668865204,-0.501767516136169,-0.0499233677983284
"H272",-1.6324782371521,0.774621248245239,-0.641057312488556,-0.694295406341553,0.307048916816711,1.5037727355957,1.31931757926941,0.646839559078217,-0.336193203926086,-0.0752617120742798
"H065",-1.41329324245453,-0.258067548274994,-0.844344079494476,1.22874784469604,-0.553666293621063,0.571039915084839,-0.327270835638046,0.712754666805267,-1.80630600452423,0.311739295721054
"H194",1.28430688381195,0.865180492401123,3.32806634902954,0.274212419986725,0.0506979301571846,-0.167578294873238,-0.799701035022736,-0.0503813549876213,-0.148765817284584,0.971423804759979
"H062",1.12921965122223,-0.708243906497955,2.17444229125977,1.97079217433929,-0.222727105021477,0.421284526586533,-1.21616864204407,1.43345737457275,-1.8129380941391,0.062905564904213
"H243",-1.9100604057312,1.02714478969574,-0.354008466005325,-0.728682816028595,0.239051833748817,1.39253556728363,-0.71911758184433,-1.2149875164032,-0.0386907123029232,0.159420326352119
"H239",-1.69797122478485,-0.110782280564308,3.10429239273071,-0.243620693683624,-0.0876354947686195,0.469977229833603,0.453308790922165,0.143982768058777,0.581569373607635,0.311297118663788
"H271",1.84970188140869,0.126591444015503,-0.511705815792084,-0.55700695514679,-0.254089683294296,1.15937423706055,-0.052151694893837,0.37351006269455,-1.00091600418091,0.34942489862442
"H006",1.97344732284546,-0.44394925236702,1.3512190580368,0.552511155605316,-0.221101388335228,0.585017502307892,0.643744230270386,0.864318490028381,-0.103096783161163,0.120530270040035
"H084",-1.71695840358734,-0.451940774917603,-0.661188542842865,0.804815709590912,-0.638073086738586,0.251533299684525,-2.06751728057861,-0.503304243087769,-1.12754154205322,-0.0703047439455986
"H260",-1.68039226531982,0.971006631851196,-0.862699627876282,-0.971699416637421,0.201299741864204,-0.987277388572693,-0.542066872119904,0.57714182138443,-1.53192329406738,0.0991921722888947
"H192",-0.0802773237228394,0.452624797821045,0.338262647390366,-0.26286906003952,0.198479205369949,0.305619806051254,0.759931325912476,-0.18409788608551,3.49640846252441,-0.83646833896637
"H070",1.71170735359192,0.479602813720703,-0.380161464214325,-1.87426614761353,-0.960153102874756,-0.8473881483078,-0.081891231238842,-1.05996918678284,0.336343020200729,0.371435314416885
"H255",-1.44019770622253,0.0386588387191296,-0.465453565120697,-0.366079717874527,0.0287958532571793,0.824148952960968,1.54211509227753,0.879490196704865,-0.636740624904633,-0.377270251512527
"H135",2.09948897361755,0.710198521614075,0.987818360328674,-1.4579154253006,0.0760534852743149,0.24181167781353,1.52220284938812,-0.91038167476654,-1.66948533058167,0.140365868806839
"H247",1.65467977523804,-1.92698788642883,1.7505362033844,-0.04324771463871,0.597515344619751,-0.780675292015076,0.0385375507175922,1.49212050437927,-0.529965996742249,0.288438081741333
"H066",-1.50971376895905,-0.336479902267456,-0.3769111931324,1.21020925045013,-1.15409004688263,0.196312740445137,-1.21024990081787,0.893396973609924,-0.858698070049286,0.476431161165237
"H230",0.316942393779755,0.452303200960159,-1.63829636573792,0.554760813713074,0.129982605576515,-2.41248488426208,0.136805385351181,1.63824784755707,0.131350293755531,-1.11089706420898
"H032",-1.55986285209656,-0.394882321357727,0.0758071690797806,0.235681384801865,0.567986130714417,-0.565176248550415,0.160181194543839,-0.401749700307846,-1.1873904466629,0.484345436096191
"H074",-1.82917714118958,-0.630922257900238,3.05935883522034,0.48748779296875,-0.352284163236618,-2.38292479515076,0.270955055952072,-0.309504896402359,0.725577414035797,-2.15906095504761
"H075",-1.67007791996002,-0.517648756504059,2.82727766036987,-0.706621408462524,-0.00605579046532512,-3.09800887107849,0.890982210636139,0.542948126792908,0.164131432771683,-0.0660235285758972
"H219",1.84483158588409,0.22379344701767,-0.349837958812714,0.542785346508026,2.32814788818359,1.84719264507294,0.697848618030548,-0.337419301271439,-1.10081624984741,-2.90697908401489
"H183",-1.87808167934418,1.07398509979248,-0.504481315612793,-0.366236120462418,0.485388368368149,2.75708866119385,0.914977252483368,-0.220897763967514,0.129639506340027,-0.412704437971115
"H193",1.66170454025269,1.42874646186829,1.14300537109375,-2.12436461448669,-1.15180933475494,1.89502739906311,0.0157444402575493,-0.819722354412079,-0.405488818883896,-1.82912766933441
"H214",-1.4988499879837,-2.11034083366394,2.87738108634949,0.0658259242773056,0.15381646156311,0.580603003501892,0.680701613426208,0.78176873922348,-0.261812448501587,0.239387094974518
"H170",2.23841190338135,-2.50397086143494,-0.758210897445679,0.416538655757904,-0.970897376537323,1.37733149528503,0.350914686918259,1.25388312339783,-0.77558183670044,-0.937577247619629
"H215",-1.45793080329895,-1.14664947986603,0.602275192737579,0.753439486026764,2.45402908325195,1.35069632530212,-1.34560787677765,0.551166355609894,-1.33146154880524,-1.58242583274841
"H211",-1.95858538150787,-0.714352428913116,0.489916026592255,-1.0240877866745,1.83949077129364,2.78697538375854,-1.7593480348587,-0.197265535593033,-0.978821873664856,-1.88221478462219
"H213",-0.157979726791382,0.708188414573669,1.51633703708649,2.62257742881775,1.05034136772156,0.633359014987946,-1.95472347736359,1.51359462738037,-0.0738608613610268,-1.71067428588867
"H216",1.70052576065063,-0.950098216533661,0.0428654700517654,-0.0722814351320267,1.08323657512665,1.47824621200562,-0.160905495285988,0.66642040014267,-0.656592488288879,-2.51507115364075
"H206",0.424197733402252,0.117993079125881,1.72034668922424,4.98131942749023,1.97691166400909,0.74096029996872,-1.21956133842468,1.54177820682526,-0.909522175788879,0.798771977424622
"H196",0.406807541847229,1.19022798538208,0.611900687217712,-2.25066995620728,2.29715204238892,-0.269105732440948,-2.27684545516968,2.78579068183899,0.386606007814407,0.430446535348892
"H250",-1.98887085914612,2.24186635017395,0.290392428636551,0.115630887448788,0.882697939872742,2.27839255332947,-0.132668629288673,0.503918290138245,-0.132432222366333,-3.66172528266907
"H202",0.304966539144516,-0.547074973583221,-1.72319567203522,2.36035585403442,3.24572968482971,1.08331322669983,0.589449226856232,2.75475144386292,0.563560366630554,1.76498532295227
"H186",0.771347999572754,0.728579103946686,0.269169747829437,0.703076660633087,-0.911998867988586,1.10718584060669,-0.354019373655319,1.0004814863205,0.120283432304859,2.19745564460754
"H205",-1.80375707149506,-2.68388485908508,-0.271853387355804,-0.916467428207397,0.290868818759918,2.39703273773193,-0.992793500423431,-0.0333941504359245,-0.923827648162842,-0.746098518371582
"H258",1.65766060352325,0.397005051374435,-0.150668948888779,-1.32330274581909,-0.906573176383972,1.13822329044342,0.628897130489349,0.0950739830732346,-1.80718815326691,-0.0655008852481842
"H199",1.58044242858887,-0.591508090496063,0.588493287563324,-0.33556193113327,2.0550491809845,0.639378190040588,0.157405942678452,0.60868889093399,-1.54284715652466,-1.39604640007019
"H198",1.53132128715515,0.309668093919754,0.00299522955901921,0.919835865497589,-0.209505081176758,1.260871052742,-0.0186210479587317,0.797633767127991,-0.616235494613647,0.419503778219223
"H203",-0.0983005836606026,0.342674523591995,-0.274663418531418,-1.51913166046143,1.35834574699402,-0.124031715095043,0.0706924870610237,2.54518532752991,0.0378317311406136,1.56264579296112
"H181",1.44089770317078,-2.15814852714539,0.800751507282257,-1.04660892486572,-1.15374445915222,0.48981836438179,0.910409390926361,0.744052946567535,-1.11201214790344,3.74589347839355
"H212",1.07258379459381,-0.338616460561752,-0.51880818605423,3.21508026123047,1.83722019195557,0.8150514960289,0.187027871608734,3.17499279975891,0.398373305797577,1.68914067745209
"H237",0.211027771234512,1.18765914440155,-0.352084308862686,0.112959012389183,-0.828904390335083,0.113767556846142,-0.822852313518524,3.05792045593262,1.76342022418976,-0.836191117763519
"H200",-1.78880858421326,-1.29953396320343,-0.923484206199646,0.720624923706055,-0.873281836509705,1.50254058837891,-1.08483326435089,0.408459097146988,-1.67708551883698,3.38750743865967
"H252",-2.13629221916199,1.11003887653351,-0.881898999214172,0.549290180206299,-1.17690467834473,2.90560913085938,-0.767653167247772,0.0732990279793739,-0.0371020957827568,-0.540026485919952
"H223",1.30160188674927,0.967716217041016,-0.36844590306282,3.83830809593201,-0.58809107542038,1.58771431446075,-0.00800116546452045,-0.132753238081932,-1.17615079879761,-2.39871311187744
"H218",-2.0346531867981,-0.649355590343475,-0.0169473625719547,-0.592411160469055,-0.170631840825081,3.70516681671143,0.875506222248077,-0.330006629228592,0.58306097984314,-2.04881000518799
"H208",1.17490720748901,-1.77399897575378,-0.163634166121483,-1.70530760288239,2.59738063812256,2.00388073921204,0.779595017433167,-0.322583764791489,0.740691781044006,-3.81415748596191
"H207",1.14558005332947,-0.635653674602509,1.12321996688843,1.20928943157196,2.71982073783875,1.76166677474976,-1.1257506608963,0.015025906264782,-0.868146359920502,-0.16923426091671
"H201",1.81272184848785,-0.79958701133728,-0.380549639463425,-0.762083828449249,3.69529271125793,1.73816704750061,0.170019581913948,0.400748759508133,-0.761453211307526,-0.556616723537445
"H197",1.50987088680267,-1.37379717826843,-1.06868815422058,-1.5947505235672,0.672769367694855,3.6683087348938,0.58680909872055,0.453773885965347,0.287685662508011,2.49674820899963
"H204",0.962148666381836,1.12675416469574,0.808400988578796,-3.21712517738342,1.30496001243591,2.5358898639679,-1.78022241592407,0.223800912499428,0.677574276924133,0.923645377159119
"H248",1.40202879905701,1.26516091823578,0.344866365194321,1.63862657546997,-0.59796404838562,3.92980074882507,-1.25003826618195,-0.57827627658844,0.167617484927177,1.47325801849365
"H217",0.336599439382553,1.1902631521225,1.51852118968964,0.311788767576218,2.46981978416443,2.21218228340149,-1.40686023235321,0.0560387074947357,-0.485633313655853,-2.31958198547363
"H210",2.00138282775879,-1.68598592281342,-0.00180986197665334,1.27273070812225,5.5622615814209,1.19497311115265,0.541631102561951,0.656185865402222,-1.4226199388504,0.49387589097023
"H235",2.46966195106506,-0.563267230987549,-0.150516793131828,1.81981992721558,-1.43304920196533,2.12088465690613,0.518565654754639,0.285656481981277,-1.89717483520508,2.36553335189819
"H264",1.07751667499542,0.81811386346817,0.752376854419708,2.39235377311707,-1.5514053106308,0.38169139623642,-0.280995160341263,1.66257679462433,-0.813392639160156,-1.47282683849335
"H221",1.03368937969208,-2.57518768310547,0.37932226061821,0.522724568843842,-0.569446980953217,1.73453009128571,0.0879257544875145,-0.72991132736206,-0.0428961999714375,-0.750386297702789
"H254",1.4092344045639,1.86314129829407,0.0413483902812004,-2.54164958000183,-0.267944276332855,2.3975613117218,0.578479468822479,0.0516082122921944,-0.542089104652405,1.64047753810883
"H220",0.318905532360077,-0.268474876880646,-1.19504332542419,3.38496279716492,1.65412306785583,0.3837830722332,-0.247326731681824,3.11591529846191,0.121997848153114,-1.31616771221161
"H209",0.85875129699707,-1.88570010662079,1.86725771427155,1.82383406162262,3.05900931358337,2.3141040802002,-0.510151982307434,-0.606531798839569,0.137094512581825,0.951200246810913
"H182",1.64413201808929,-2.05760407447815,0.277901917695999,0.964222133159637,0.583720982074738,1.70181000232697,0.633752405643463,-0.104475691914558,-0.875981748104095,4.23366069793701
"H222",-0.256149619817734,0.17238774895668,-0.72833114862442,-1.53700959682465,-0.743100106716156,1.61406075954437,-1.95906829833984,1.81565976142883,1.18332040309906,-1.70015954971313
"H224",-1.53081381320953,-0.843361139297485,0.443234592676163,-1.4229097366333,0.82538890838623,2.25234794616699,0.765458881855011,0.0736887902021408,0.448680639266968,-2.09080147743225
"H184",1.51958441734314,0.335415095090866,0.487406730651855,-2.46730709075928,-1.56632137298584,0.647823572158813,1.18562567234039,0.268678367137909,-1.05305814743042,-2.36344242095947
"H185",1.57648694515228,0.777174770832062,0.223608940839767,-1.59267330169678,-0.772230625152588,1.40357756614685,-0.0662763714790344,0.444879084825516,-0.0435333400964737,2.43819499015808
"H137",1.36491143703461,1.19306910037994,1.09823179244995,-2.82643365859985,0.0911072418093681,3.62902736663818,-1.69211292266846,-1.14069986343384,0.518514573574066,-1.46010935306549
"H067",1.81542372703552,0.23585519194603,0.104680493474007,-0.669593036174774,-0.962677419185638,2.96807789802551,-0.0674493983387947,-0.536264300346375,-0.112639009952545,-0.821564018726349
"H106",1.07475936412811,-0.259694308042526,0.587545156478882,1.20910310745239,-0.932250559329987,0.0387446843087673,-0.230129823088646,1.77827560901642,-1.43119490146637,-2.4002320766449
"H176",1.36036193370819,-1.10587525367737,1.0192973613739,4.14346265792847,-0.0178989134728909,1.26888036727905,-0.978587985038757,0.68163275718689,-0.387305229902267,3.57967329025269
"H136",-1.79658615589142,1.92596936225891,-0.266067832708359,-1.35291087627411,0.306957602500916,2.01439499855042,-0.34589484333992,0.377087593078613,-0.375378310680389,-1.31047189235687
"H178",-0.00751423742622137,-0.625267505645752,-0.926768839359283,-2.75594687461853,0.191444471478462,0.691438734531403,-0.504174113273621,2.7905912399292,1.614626288414,-0.774678349494934
"H166",-1.12023496627808,1.37619853019714,0.535555899143219,-0.774412095546722,1.39067780971527,1.75137233734131,-0.0774520859122276,0.491786271333694,-0.0918301716446877,-1.52924907207489
"H174",-1.85405576229095,-1.71705257892609,-0.624407470226288,-1.7269788980484,-1.5941174030304,3.30057144165039,0.0920747071504593,-0.437650561332703,0.167358309030533,0.639734387397766
"H177",-1.3758373260498,-2.03715324401855,2.09260964393616,-1.20433807373047,-0.975918769836426,1.3596556186676,1.85875058174133,0.893099784851074,1.25339162349701,-2.05297589302063
"H259",-1.29411089420319,-1.71769237518311,2.69336557388306,1.37016773223877,-1.52061152458191,1.43351054191589,0.410046011209488,0.436660528182983,0.04881601780653,-1.06156718730927
"H175",-1.90476965904236,-1.41636657714844,-0.135915368795395,-1.64471709728241,-0.43123584985733,1.41135370731354,0.264399886131287,0.69435328245163,-0.550201594829559,-0.03849833086133
"H179",1.56190180778503,-1.27568769454956,0.312440782785416,-2.38860321044922,2.44466042518616,1.32287418842316,0.328249484300613,0.235583946108818,-0.97142231464386,-3.33058977127075
"H050",2.7407751083374,0.13812281191349,0.538072764873505,-0.258975744247437,-1.29656398296356,-0.325171142816544,0.234380006790161,1.0135143995285,-0.43496909737587,0.30098569393158
"H180",-1.06862926483154,-1.0627201795578,-0.411831140518188,-0.775186359882355,0.69834315776825,0.12515452504158,0.635928690433502,0.0869364738464355,0.107834279537201,-0.0985043197870255
"H229",-0.644872665405273,0.71269416809082,1.58106327056885,2.36366486549377,-1.03265798091888,0.189714938402176,-0.207215845584869,-1.41721963882446,0.322585374116898,-0.221231371164322
